M,0.455,0.365,0.095,0.514,0.2245,0.101,0.15,15
M,0.35,0.265,0.09,0.2255,0.0995,0.0485,0.07,7
F,0.53,0.42,0.135,0.677,0.2565,0.1415,0.21,9
M,0.44,0.365,0.125,0.516,0.2155,0.114,0.155,10
I,0.33,0.255,0.08,0.205,0.0895,0.0395,0.055,7
I,0.425,0.3,0.095,0.3515,0.141,0.0775,0.12,8
F,0.53,0.415,0.15,0.7775,0.237,0.1415,0.33,20
F,0.545,0.425,0.125,0.768,0.294,0.1495,0.26,16
F,0.47,0.365,0.105,0.4205,0.163,0.1035,0.14,9
I,0.385,0.295,0.085,0.2535,0.103,0.0575,0.085,7
F,0.515,0.425,0.14,0.766,0.304,0.1725,0.255,14
M,0.37,0.265,0.075,0.214,0.09,0.051,0.07,6
I,0.36,0.28,0.08,0.1755,0.081,0.0505,0.07,6
I,0.27,0.195,0.06,0.073,0.0285,0.0235,0.03,5
I,0.375,0.275,0.09,0.238,0.1075,0.0545,0.07,6
I,0.385,0.29,0.085,0.2505,0.112,0.061,0.08,8
M,0.7,0.535,0.16,1.7255,0.63,0.2635,0.54,19
M,0.71,0.54,0.165,1.959,0.7665,0.261,0.78,18
M,0.595,0.48,0.165,1.262,0.4835,0.283,0.41,17
F,0.44,0.35,0.125,0.4035,0.175,0.063,0.129,9
F,0.325,0.26,0.09,0.1915,0.085,0.036,0.062,7
I,0.35,0.26,0.095,0.211,0.086,0.056,0.068,7
I,0.265,0.2,0.065,0.0975,0.04,0.0205,0.028,7
F,0.425,0.33,0.115,0.406,0.1635,0.081,0.1355,8
F,0.305,0.23,0.08,0.156,0.0675,0.0345,0.048,7
M,0.345,0.255,0.09,0.2005,0.094,0.0295,0.063,9
F,0.405,0.325,0.11,0.3555,0.151,0.063,0.117,9
M,0.375,0.285,0.095,0.253,0.096,0.0575,0.0925,9
F,0.565,0.445,0.155,0.826,0.341,0.2055,0.2475,10
F,0.55,0.45,0.145,0.741,0.295,0.1435,0.2665,10
M,0.65,0.52,0.19,1.3445,0.519,0.306,0.4465,16
M,0.56,0.455,0.155,0.797,0.34,0.19,0.2425,11
M,0.475,0.375,0.13,0.5175,0.2075,0.1165,0.17,10
F,0.49,0.38,0.125,0.549,0.245,0.1075,0.174,10
M,0.46,0.35,0.12,0.515,0.224,0.108,0.1565,10
I,0.28,0.205,0.08,0.127,0.052,0.039,0.042,9
I,0.175,0.13,0.055,0.0315,0.0105,0.0065,0.0125,5
I,0.17,0.13,0.095,0.03,0.013,0.008,0.01,4
M,0.59,0.475,0.145,1.053,0.4415,0.262,0.325,15
F,0.605,0.5,0.185,1.1185,0.469,0.2585,0.335,9
F,0.635,0.515,0.19,1.3715,0.5065,0.305,0.45,10
I,0.44,0.365,0.115,0.501,0.2435,0.084,0.1465,9
I,0.445,0.335,0.1,0.4895,0.2745,0.086,0.1105,7
I,0.445,0.325,0.1,0.378,0.1795,0.1,0.089,7
I,0.45,0.35,0.13,0.547,0.245,0.1405,0.1405,8
M,0.47,0.375,0.12,0.5805,0.266,0.0935,0.169,8
I,0.475,0.365,0.125,0.5465,0.229,0.1185,0.172,9
F,0.48,0.365,0.135,0.6395,0.2945,0.113,0.175,8
I,0.485,0.355,0.105,0.498,0.2175,0.096,0.1525,9
M,0.49,0.385,0.125,0.609,0.3065,0.096,0.1775,8
F,0.495,0.41,0.125,0.7555,0.3355,0.129,0.214,9
M,0.5,0.4,0.125,0.5975,0.27,0.1275,0.166,9
M,0.505,0.44,0.14,0.8275,0.3415,0.1855,0.239,8
M,0.525,0.395,0.13,0.7635,0.3375,0.1425,0.225,8
M,0.54,0.405,0.125,0.891,0.4815,0.1915,0.202,9
F,0.54,0.42,0.14,0.805,0.369,0.1725,0.21,11
F,0.545,0.44,0.135,0.9185,0.429,0.2015,0.2375,10
F,0.55,0.43,0.125,0.923,0.4035,0.175,0.283,8
M,0.55,0.45,0.15,1.0145,0.407,0.2015,0.2875,10
F,0.55,0.45,0.15,0.875,0.362,0.1755,0.2765,10
M,0.555,0.435,0.145,0.9685,0.4985,0.168,0.2385,9
I,0.62,0.485,0.18,1.154,0.4935,0.256,0.315,12
F,0.62,0.515,0.155,1.3255,0.6685,0.2605,0.335,12
M,0.62,0.515,0.175,1.221,0.535,0.241,0.395,13
F,0.62,0.54,0.165,1.139,0.4995,0.2435,0.357,11
I,0.62,0.49,0.16,1.066,0.446,0.246,0.305,11
F,0.62,0.48,0.18,1.2215,0.582,0.2695,0.313,12
I,0.62,0.47,0.14,0.8565,0.3595,0.16,0.295,9
I,0.62,0.45,0.135,0.924,0.358,0.2265,0.2965,10
M,0.62,0.48,0.15,1.266,0.6285,0.2575,0.309,12
F,0.62,0.48,0.175,1.0405,0.464,0.2225,0.3,9
M,0.625,0.49,0.165,1.1165,0.4895,0.2615,0.3325,11
M,0.625,0.475,0.16,1.0845,0.5005,0.2355,0.3105,10
M,0.625,0.5,0.17,1.0985,0.4645,0.22,0.354,9
I,0.625,0.47,0.155,1.1955,0.643,0.2055,0.3145,12
F,0.625,0.485,0.175,1.362,0.6765,0.2615,0.3705,10
I,0.625,0.485,0.15,1.044,0.438,0.2865,0.278,9
M,0.63,0.505,0.17,1.0915,0.4615,0.266,0.3,9
F,0.63,0.5,0.18,1.1965,0.514,0.2325,0.3995,8
M,0.63,0.49,0.17,1.1745,0.5255,0.273,0.339,11
M,0.63,0.485,0.165,1.233,0.6565,0.2315,0.3035,10
M,0.63,0.495,0.175,1.2695,0.605,0.271,0.328,11
I,0.635,0.5,0.165,1.489,0.715,0.3445,0.3615,13
M,0.635,0.5,0.17,1.4345,0.611,0.309,0.418,12
F,0.635,0.49,0.175,1.2435,0.5805,0.313,0.305,10
F,0.635,0.49,0.17,1.2615,0.5385,0.2665,0.38,9
F,0.64,0.505,0.165,1.2235,0.5215,0.2695,0.36,10
M,0.64,0.515,0.18,1.247,0.5475,0.2925,0.3685,10
M,0.64,0.525,0.185,1.707,0.763,0.4205,0.4435,11
M,0.645,0.505,0.15,1.1605,0.519,0.2615,0.335,10
M,0.645,0.5,0.175,1.286,0.5645,0.288,0.386,12
M,0.645,0.5,0.19,1.5595,0.741,0.3715,0.3845,14
M,0.645,0.51,0.19,1.4745,0.605,0.345,0.48,9
M,0.645,0.51,0.195,1.226,0.5885,0.2215,0.3745,10
M,0.645,0.51,0.16,1.33,0.6665,0.309,0.317,9
F,0.645,0.51,0.16,1.2415,0.5815,0.276,0.315,9
M,0.645,0.5,0.175,1.3375,0.554,0.308,0.415,10
F,0.645,0.51,0.19,1.363,0.573,0.362,0.36,10
M,0.645,0.485,0.15,1.2215,0.5695,0.2735,0.33,9
F,0.645,0.48,0.19,1.371,0.6925,0.2905,0.35,12
F,0.65,0.495,0.155,1.337,0.615,0.3195,0.335,9
M,0.65,0.505,0.19,1.274,0.59,0.23,0.391,11
M,0.65,0.525,0.185,1.488,0.665,0.337,0.378,11
M,0.65,0.51,0.16,1.3835,0.6385,0.2905,0.3665,9
M,0.655,0.55,0.18,1.274,0.586,0.281,0.365,10
F,0.655,0.51,0.15,1.043,0.4795,0.223,0.305,9
F,0.655,0.505,0.19,1.3485,0.5935,0.2745,0.425,12
F,0.655,0.505,0.195,1.4405,0.688,0.3805,0.363,11
M,0.66,0.5,0.165,1.3195,0.667,0.269,0.341,9
F,0.66,0.535,0.175,1.5175,0.711,0.3125,0.415,12
M,0.66,0.53,0.195,1.5505,0.6505,0.3295,0.495,10
M,0.66,0.51,0.165,1.6375,0.7685,0.3545,0.3925,14
M,0.665,0.525,0.175,1.443,0.6635,0.3845,0.353,11
M,0.665,0.505,0.16,1.289,0.6145,0.253,0.3665,11
F,0.665,0.505,0.16,1.2915,0.631,0.2925,0.32,11
M,0.665,0.52,0.175,1.3725,0.606,0.32,0.395,12
M,0.665,0.5,0.175,1.2975,0.6075,0.314,0.315,9
M,0.67,0.505,0.16,1.2585,0.6255,0.311,0.308,12
M,0.67,0.52,0.165,1.39,0.711,0.2865,0.3,11
F,0.67,0.52,0.19,1.32,0.5235,0.3095,0.4275,13
F,0.67,0.55,0.155,1.566,0.858,0.339,0.354,10
F,0.67,0.54,0.195,1.619,0.74,0.3305,0.465,11
M,0.675,0.525,0.16,1.2835,0.572,0.2755,0.3545,13
F,0.675,0.51,0.195,1.382,0.6045,0.3175,0.3965,10
M,0.68,0.52,0.195,1.4535,0.592,0.391,0.4125,10
F,0.68,0.51,0.2,1.6075,0.714,0.339,0.4705,11
M,0.685,0.52,0.15,1.3735,0.7185,0.293,0.32,11
F,0.685,0.565,0.175,1.638,0.7775,0.375,0.438,11
F,0.69,0.55,0.2,1.569,0.687,0.3675,0.46,12
M,0.7,0.565,0.175,1.8565,0.8445,0.3935,0.54,10
F,0.7,0.535,0.175,1.773,0.6805,0.48,0.512,15
F,0.705,0.545,0.17,1.58,0.6435,0.4565,0.265,11
M,0.71,0.575,0.215,2.009,0.9895,0.4475,0.502,11
F,0.71,0.57,0.195,1.9805,0.9925,0.4925,0.48,12
F,0.71,0.54,0.205,1.5805,0.802,0.287,0.435,10
M,0.71,0.56,0.22,2.015,0.9215,0.454,0.566,11
M,0.72,0.57,0.2,1.8275,0.919,0.366,0.485,10
M,0.72,0.55,0.205,2.125,1.1455,0.4425,0.511,13
F,0.72,0.525,0.18,1.445,0.631,0.3215,0.435,7
F,0.725,0.565,0.21,2.1425,1.03,0.487,0.503,14
F,0.73,0.56,0.19,1.9425,0.799,0.5195,0.5655,11
M,0.735,0.59,0.215,1.747,0.7275,0.403,0.557,11
F,0.74,0.565,0.205,2.119,0.9655,0.5185,0.482,12
F,0.75,0.565,0.215,1.938,0.7735,0.4825,0.575,11
M,0.75,0.595,0.205,2.2205,1.083,0.421,0.63,12
M,0.77,0.62,0.195,2.5155,1.1155,0.6415,0.642,12
M,0.775,0.63,0.25,2.7795,1.3485,0.76,0.578,12
I,0.275,0.175,0.09,0.2315,0.096,0.057,0.0705,5
I,0.375,0.245,0.1,0.394,0.166,0.091,0.1125,6
F,0.375,0.27,0.135,0.597,0.272,0.131,0.1675,7
M,0.39,0.28,0.125,0.564,0.3035,0.0955,0.143,7
I,0.435,0.3,0.12,0.5965,0.259,0.139,0.1645,8
M,0.445,0.32,0.12,0.414,0.199,0.09,0.117,7
I,0.455,0.335,0.105,0.422,0.229,0.0865,0.1,6
I,0.455,0.325,0.135,0.82,0.4005,0.1715,0.211,8
I,0.455,0.345,0.11,0.434,0.207,0.0855,0.1215,8
I,0.465,0.325,0.14,0.7615,0.362,0.1535,0.209,10
M,0.465,0.36,0.115,0.5795,0.295,0.1395,0.12,7
I,0.485,0.365,0.105,0.5205,0.195,0.123,0.182,8
M,0.485,0.37,0.155,0.968,0.419,0.2455,0.2365,9
I,0.485,0.345,0.16,0.869,0.3085,0.185,0.319,9
F,0.49,0.355,0.16,0.8795,0.3485,0.215,0.2825,8
M,0.5,0.37,0.15,1.0615,0.494,0.223,0.296,9
M,0.515,0.35,0.155,0.9225,0.4185,0.198,0.273,9
M,0.515,0.395,0.135,1.007,0.472,0.2495,0.252,8
M,0.525,0.365,0.17,0.9605,0.438,0.2225,0.276,10
M,0.525,0.38,0.125,0.65,0.303,0.155,0.159,7
M,0.53,0.41,0.14,0.7545,0.3495,0.1715,0.2105,8
F,0.535,0.425,0.135,0.771,0.3765,0.1815,0.1795,8
I,0.535,0.385,0.18,1.0835,0.4955,0.2295,0.304,8
I,0.545,0.42,0.165,0.8935,0.4235,0.2195,0.228,8
F,0.545,0.415,0.2,1.358,0.567,0.318,0.403,10
F,0.545,0.385,0.15,1.1185,0.5425,0.2445,0.2845,9
F,0.55,0.38,0.165,1.205,0.543,0.294,0.3345,10
M,0.55,0.42,0.16,1.3405,0.6325,0.311,0.344,10
M,0.57,0.455,0.175,1.02,0.4805,0.2145,0.29,9
M,0.575,0.44,0.185,1.025,0.5075,0.2245,0.2485,10
I,0.575,0.45,0.13,0.8145,0.403,0.1715,0.213,10
F,0.58,0.43,0.17,1.48,0.6535,0.324,0.4155,10
M,0.585,0.455,0.145,0.953,0.3945,0.2685,0.258,10
I,0.585,0.45,0.15,0.8915,0.3975,0.2035,0.253,8
M,0.6,0.495,0.175,1.3005,0.6195,0.284,0.3285,11
M,0.6,0.465,0.165,1.038,0.4975,0.2205,0.251,9
M,0.605,0.475,0.175,1.2525,0.5575,0.3055,0.343,9
M,0.605,0.475,0.15,1.15,0.575,0.232,0.297,10
F,0.61,0.475,0.15,1.1135,0.5195,0.2575,0.3005,11
F,0.615,0.455,0.145,1.1155,0.5045,0.238,0.315,10
M,0.62,0.47,0.145,1.0865,0.511,0.2715,0.2565,10
M,0.625,0.495,0.175,1.254,0.5815,0.286,0.3185,9
M,0.625,0.49,0.185,1.169,0.5275,0.2535,0.344,11
M,0.635,0.495,0.195,1.172,0.445,0.3115,0.3475,11
F,0.635,0.475,0.15,1.1845,0.533,0.307,0.291,10
F,0.64,0.475,0.14,1.0725,0.4895,0.2295,0.31,8
M,0.645,0.5,0.16,1.3815,0.672,0.326,0.315,9
M,0.65,0.525,0.19,1.6125,0.777,0.3685,0.3965,11
M,0.65,0.485,0.16,1.7395,0.5715,0.2785,0.3075,10
F,0.655,0.52,0.2,1.5475,0.713,0.314,0.466,9
M,0.655,0.545,0.19,1.4245,0.6325,0.333,0.378,10
F,0.665,0.515,0.185,1.3405,0.5595,0.293,0.4375,11
F,0.675,0.53,0.175,1.4465,0.6775,0.33,0.389,10
F,0.685,0.535,0.175,1.5845,0.7175,0.3775,0.4215,9
F,0.695,0.55,0.185,1.679,0.805,0.4015,0.3965,10
M,0.695,0.53,0.19,1.726,0.7625,0.436,0.455,11
F,0.705,0.545,0.18,1.5395,0.6075,0.3675,0.4645,13
F,0.72,0.55,0.195,2.073,1.0715,0.4265,0.5015,9
M,0.72,0.56,0.18,1.5865,0.691,0.375,0.4425,11
M,0.73,0.575,0.21,2.069,0.9285,0.409,0.643,11
I,0.185,0.135,0.04,0.027,0.0105,0.0055,0.009,5
I,0.24,0.18,0.055,0.0555,0.0235,0.013,0.018,4
I,0.31,0.215,0.075,0.1275,0.0565,0.0275,0.036,7
I,0.34,0.26,0.085,0.1885,0.0815,0.0335,0.06,6
I,0.35,0.265,0.08,0.2,0.09,0.042,0.06,7
I,0.365,0.27,0.085,0.197,0.0815,0.0325,0.065,6
I,0.365,0.275,0.085,0.223,0.098,0.0375,0.075,7
I,0.365,0.27,0.075,0.2215,0.095,0.0445,0.07,6
I,0.39,0.31,0.105,0.2665,0.1185,0.0525,0.081,8
I,0.405,0.3,0.09,0.269,0.103,0.067,0.11,6
I,0.41,0.315,0.095,0.2805,0.114,0.0345,0.11,7
I,0.41,0.335,0.105,0.3305,0.1405,0.064,0.105,7
I,0.415,0.31,0.09,0.2815,0.1245,0.0615,0.085,6
I,0.415,0.31,0.1,0.2805,0.114,0.0565,0.0975,6
I,0.415,0.31,0.095,0.311,0.1125,0.0625,0.115,8
I,0.42,0.325,0.1,0.368,0.1675,0.0625,0.1135,11
I,0.43,0.34,0.1,0.3405,0.1395,0.0665,0.12,8
I,0.435,0.335,0.1,0.3245,0.135,0.0785,0.098,7
I,0.435,0.33,0.11,0.38,0.1515,0.0945,0.11,7
I,0.435,0.33,0.105,0.335,0.156,0.0555,0.105,8
I,0.435,0.345,0.12,0.3215,0.13,0.056,0.1185,7
I,0.445,0.33,0.11,0.358,0.1525,0.067,0.1185,8
I,0.465,0.37,0.11,0.445,0.1635,0.096,0.166,7
I,0.47,0.375,0.12,0.487,0.196,0.099,0.135,8
I,0.475,0.34,0.105,0.4535,0.203,0.08,0.1465,9
I,0.485,0.385,0.13,0.568,0.2505,0.178,0.154,7
I,0.485,0.36,0.12,0.5155,0.2465,0.1025,0.147,8
I,0.485,0.37,0.115,0.457,0.1885,0.0965,0.15,9
I,0.495,0.38,0.135,0.5095,0.2065,0.1165,0.165,8
I,0.495,0.38,0.145,0.5,0.205,0.148,0.1505,8
I,0.495,0.375,0.14,0.494,0.181,0.0975,0.191,8
I,0.5,0.38,0.11,0.5605,0.28,0.106,0.15,9
I,0.505,0.405,0.13,0.599,0.2245,0.1175,0.225,11
I,0.505,0.4,0.145,0.7045,0.334,0.1425,0.207,8
F,0.51,0.4,0.12,0.7005,0.347,0.1105,0.195,10
I,0.515,0.415,0.135,0.7125,0.285,0.152,0.245,10
I,0.515,0.42,0.15,0.6725,0.2555,0.1335,0.235,10
M,0.515,0.385,0.11,0.5785,0.253,0.16,0.14,8
I,0.52,0.41,0.11,0.5185,0.2165,0.0915,0.184,8
I,0.52,0.415,0.14,0.6375,0.308,0.1335,0.168,9
I,0.52,0.395,0.125,0.5805,0.2445,0.146,0.165,9
I,0.52,0.38,0.115,0.6645,0.3285,0.17,0.1425,7
I,0.52,0.385,0.115,0.581,0.2555,0.156,0.143,10
I,0.525,0.415,0.12,0.596,0.2805,0.12,0.1695,9
I,0.525,0.405,0.145,0.6965,0.3045,0.1535,0.21,8
I,0.525,0.4,0.145,0.6095,0.248,0.159,0.175,9
I,0.53,0.43,0.14,0.677,0.298,0.0965,0.23,8
I,0.53,0.43,0.16,0.7245,0.321,0.1275,0.24,9
I,0.53,0.395,0.13,0.575,0.247,0.115,0.183,9
I,0.53,0.405,0.12,0.632,0.2715,0.148,0.1875,9
I,0.535,0.455,0.14,1.0015,0.53,0.1765,0.244,9
F,0.54,0.425,0.16,0.9455,0.3675,0.2005,0.295,9
I,0.54,0.395,0.135,0.6555,0.2705,0.155,0.192,9
I,0.54,0.39,0.125,0.6255,0.2525,0.158,0.19,8
I,0.545,0.425,0.14,0.8145,0.305,0.231,0.244,10
I,0.545,0.43,0.14,0.687,0.2615,0.1405,0.25,9
I,0.55,0.435,0.14,0.7995,0.295,0.1905,0.238,10
I,0.55,0.45,0.13,0.804,0.3375,0.1405,0.23,6
M,0.555,0.435,0.14,0.7495,0.341,0.1645,0.214,8
M,0.555,0.41,0.125,0.599,0.2345,0.1465,0.194,8
M,0.555,0.4,0.13,0.7075,0.332,0.1585,0.18,7
I,0.555,0.45,0.175,0.738,0.304,0.1755,0.22,9
M,0.555,0.455,0.135,0.837,0.382,0.171,0.235,9
I,0.56,0.445,0.165,0.832,0.3455,0.179,0.279,9
F,0.565,0.445,0.125,0.8305,0.3135,0.1785,0.23,11
M,0.565,0.415,0.125,0.667,0.302,0.1545,0.185,7
M,0.565,0.455,0.155,0.9355,0.421,0.183,0.26,11
I,0.565,0.435,0.145,0.8445,0.3975,0.158,0.255,9
M,0.565,0.45,0.16,0.895,0.415,0.195,0.246,9
I,0.565,0.46,0.155,0.8715,0.3755,0.215,0.25,10
M,0.57,0.46,0.155,1.0005,0.454,0.205,0.265,11
M,0.57,0.455,0.155,0.832,0.3585,0.174,0.277,11
M,0.57,0.44,0.175,0.9415,0.3805,0.2285,0.283,9
M,0.57,0.415,0.13,0.88,0.4275,0.1955,0.238,13
F,0.57,0.44,0.12,0.803,0.382,0.1525,0.234,9
M,0.575,0.45,0.13,0.785,0.318,0.193,0.2265,9
M,0.575,0.45,0.155,0.9765,0.495,0.2145,0.235,9
M,0.575,0.435,0.135,0.992,0.432,0.2225,0.239,10
M,0.575,0.455,0.155,1.013,0.4685,0.2085,0.295,11
M,0.575,0.445,0.145,0.876,0.3795,0.1615,0.27,10
F,0.575,0.465,0.175,1.099,0.4735,0.202,0.35,9
I,0.575,0.45,0.135,0.8715,0.45,0.162,0.225,10
I,0.575,0.45,0.135,0.8245,0.3375,0.2115,0.239,11
F,0.575,0.43,0.155,0.7955,0.3485,0.1925,0.22,9
M,0.575,0.475,0.145,0.857,0.3665,0.173,0.269,9
F,0.58,0.45,0.195,0.8265,0.4035,0.173,0.225,9
F,0.58,0.5,0.165,0.925,0.37,0.185,0.3005,10
M,0.58,0.44,0.15,1.0465,0.518,0.2185,0.2795,10
I,0.58,0.44,0.145,0.7905,0.3525,0.1645,0.242,10
M,0.58,0.44,0.16,0.8295,0.3365,0.2005,0.2485,9
M,0.595,0.455,0.15,0.886,0.4315,0.201,0.223,10
F,0.6,0.47,0.135,0.97,0.4655,0.1955,0.264,11
M,0.6,0.46,0.17,1.1805,0.456,0.337,0.329,11
M,0.6,0.475,0.15,0.99,0.386,0.2195,0.3105,10
F,0.6,0.465,0.16,1.133,0.466,0.2885,0.298,11
I,0.605,0.49,0.165,1.071,0.482,0.1935,0.352,10
F,0.605,0.455,0.145,0.862,0.334,0.1985,0.3,9
M,0.605,0.47,0.18,1.1155,0.479,0.2565,0.321,10
M,0.61,0.48,0.14,1.031,0.4375,0.2615,0.27,8
F,0.61,0.46,0.145,1.1185,0.478,0.2945,0.2985,10
F,0.61,0.46,0.155,0.957,0.4255,0.1975,0.265,8
F,0.61,0.47,0.165,1.1785,0.566,0.2785,0.294,11
M,0.615,0.47,0.145,1.0285,0.4435,0.2825,0.285,11
M,0.615,0.47,0.15,1.0875,0.4975,0.283,0.2685,9
F,0.615,0.495,0.16,1.255,0.5815,0.3195,0.3225,12
M,0.615,0.495,0.2,1.219,0.564,0.227,0.3885,10
M,0.62,0.49,0.16,1.035,0.44,0.2525,0.285,11
M,0.62,0.49,0.15,1.195,0.4605,0.302,0.355,9
F,0.62,0.495,0.17,1.062,0.372,0.213,0.34,11
M,0.62,0.495,0.195,1.5145,0.579,0.346,0.5195,15
M,0.62,0.47,0.15,1.309,0.587,0.4405,0.325,9
M,0.62,0.485,0.155,1.0295,0.425,0.2315,0.335,12
M,0.625,0.495,0.155,1.0485,0.487,0.212,0.3215,11
M,0.625,0.515,0.17,1.331,0.5725,0.3005,0.361,9
M,0.625,0.505,0.185,1.1565,0.52,0.2405,0.3535,10
F,0.625,0.445,0.16,1.09,0.46,0.2965,0.304,11
F,0.625,0.52,0.18,1.354,0.4845,0.351,0.375,11
F,0.625,0.47,0.145,0.984,0.475,0.2,0.265,11
M,0.63,0.49,0.155,1.2525,0.63,0.246,0.289,9
F,0.635,0.485,0.165,1.2695,0.5635,0.3065,0.3395,11
F,0.635,0.52,0.165,1.3405,0.5065,0.296,0.412,11
F,0.635,0.505,0.155,1.2895,0.594,0.314,0.345,11
M,0.635,0.525,0.16,1.195,0.5435,0.246,0.335,12
M,0.635,0.5,0.165,1.273,0.6535,0.213,0.365,12
M,0.635,0.515,0.165,1.229,0.5055,0.2975,0.3535,10
M,0.64,0.53,0.165,1.1895,0.4765,0.3,0.35,11
F,0.64,0.48,0.145,1.1145,0.508,0.24,0.34,10
F,0.64,0.515,0.165,1.3115,0.4945,0.2555,0.41,10
I,0.64,0.49,0.135,1.1,0.488,0.2505,0.2925,10
M,0.64,0.49,0.155,1.1285,0.477,0.269,0.34,9
F,0.64,0.485,0.185,1.4195,0.6735,0.3465,0.3255,11
F,0.645,0.51,0.18,1.6195,0.7815,0.322,0.4675,12
M,0.645,0.49,0.175,1.32,0.6525,0.2375,0.3385,11
F,0.645,0.52,0.21,1.5535,0.616,0.3655,0.474,16
I,0.65,0.52,0.15,1.238,0.5495,0.296,0.3305,10
F,0.65,0.51,0.155,1.189,0.483,0.278,0.3645,13
F,0.65,0.51,0.185,1.375,0.531,0.384,0.3985,10
F,0.655,0.515,0.18,1.412,0.6195,0.2485,0.497,11
F,0.655,0.525,0.175,1.348,0.5855,0.2605,0.394,10
M,0.655,0.52,0.17,1.1445,0.53,0.223,0.348,9
F,0.66,0.535,0.205,1.4415,0.5925,0.2775,0.49,10
M,0.66,0.51,0.175,1.218,0.5055,0.303,0.37,11
F,0.665,0.5,0.15,1.2475,0.4625,0.2955,0.3595,10
M,0.665,0.515,0.2,1.2695,0.5115,0.2675,0.436,12
M,0.665,0.525,0.18,1.429,0.6715,0.29,0.4,12
F,0.67,0.53,0.205,1.4015,0.643,0.2465,0.416,12
M,0.675,0.515,0.15,1.312,0.556,0.2845,0.4115,11
F,0.675,0.51,0.185,1.473,0.6295,0.3025,0.4245,11
M,0.68,0.54,0.19,1.623,0.7165,0.354,0.4715,12
M,0.68,0.54,0.155,1.534,0.671,0.379,0.384,10
M,0.685,0.535,0.155,1.3845,0.6615,0.2145,0.4075,10
M,0.69,0.55,0.18,1.6915,0.6655,0.402,0.5,11
M,0.695,0.545,0.185,1.5715,0.6645,0.3835,0.4505,13
F,0.7,0.575,0.205,1.773,0.605,0.447,0.538,13
M,0.7,0.55,0.175,1.4405,0.6565,0.2985,0.375,12
M,0.7,0.55,0.195,1.6245,0.675,0.347,0.535,13
F,0.705,0.535,0.22,1.866,0.929,0.3835,0.4395,10
F,0.72,0.575,0.18,1.6705,0.732,0.3605,0.501,12
M,0.72,0.565,0.19,2.081,1.0815,0.4305,0.503,11
F,0.725,0.57,0.205,1.6195,0.744,0.315,0.488,11
F,0.75,0.55,0.195,1.8325,0.83,0.366,0.44,11
M,0.76,0.605,0.215,2.173,0.801,0.4915,0.646,13
I,0.135,0.13,0.04,0.029,0.0125,0.0065,0.008,4
I,0.16,0.11,0.025,0.0195,0.0075,0.005,0.006,4
I,0.21,0.15,0.055,0.0465,0.017,0.012,0.015,5
I,0.28,0.21,0.075,0.1195,0.053,0.0265,0.03,6
I,0.28,0.2,0.065,0.0895,0.036,0.0185,0.03,7
I,0.285,0.215,0.06,0.0935,0.031,0.023,0.03,6
I,0.29,0.21,0.07,0.1115,0.048,0.0205,0.03,5
I,0.29,0.21,0.06,0.1195,0.056,0.0235,0.03,6
I,0.29,0.21,0.065,0.097,0.0375,0.022,0.03,6
I,0.32,0.24,0.07,0.133,0.0585,0.0255,0.041,6
I,0.325,0.25,0.07,0.1745,0.0875,0.0355,0.04,7
I,0.335,0.25,0.08,0.1695,0.0695,0.044,0.0495,6
I,0.35,0.235,0.08,0.17,0.0725,0.0465,0.0495,7
I,0.35,0.25,0.07,0.1605,0.0715,0.0335,0.046,6
I,0.355,0.27,0.105,0.271,0.1425,0.0525,0.0735,9
I,0.36,0.27,0.085,0.2185,0.1065,0.038,0.062,6
I,0.36,0.27,0.085,0.196,0.0905,0.034,0.053,7
I,0.375,0.28,0.08,0.226,0.105,0.047,0.065,6
I,0.375,0.275,0.085,0.22,0.109,0.05,0.0605,7
I,0.395,0.29,0.095,0.3,0.158,0.068,0.078,7
I,0.405,0.25,0.09,0.2875,0.128,0.063,0.0805,7
I,0.415,0.325,0.11,0.316,0.1385,0.0795,0.0925,8
I,0.425,0.315,0.095,0.3675,0.1865,0.0675,0.0985,7
I,0.43,0.32,0.11,0.3675,0.1675,0.102,0.105,8
I,0.435,0.325,0.12,0.346,0.159,0.084,0.095,7
M,0.45,0.33,0.105,0.4955,0.2575,0.082,0.129,8
I,0.46,0.35,0.11,0.4675,0.2125,0.099,0.1375,7
M,0.47,0.365,0.135,0.522,0.2395,0.1525,0.145,10
I,0.47,0.375,0.105,0.441,0.167,0.0865,0.145,10
I,0.475,0.365,0.12,0.5185,0.268,0.1095,0.1365,8
M,0.505,0.39,0.12,0.653,0.3315,0.1385,0.167,9
M,0.505,0.395,0.135,0.5915,0.288,0.1315,0.185,12
M,0.505,0.385,0.115,0.4825,0.21,0.1035,0.1535,10
I,0.51,0.455,0.135,0.6855,0.2875,0.154,0.2035,9
M,0.515,0.4,0.14,0.6335,0.288,0.145,0.168,9
M,0.525,0.41,0.13,0.6875,0.3435,0.1495,0.1765,9
F,0.53,0.43,0.15,0.741,0.325,0.1855,0.196,9
F,0.53,0.405,0.13,0.6355,0.2635,0.1565,0.185,9
M,0.545,0.44,0.14,0.8395,0.356,0.1905,0.2385,11
F,0.55,0.47,0.15,0.9205,0.381,0.2435,0.2675,10
F,0.56,0.41,0.16,0.8215,0.342,0.184,0.253,9
M,0.565,0.445,0.145,0.9255,0.4345,0.212,0.2475,9
F,0.57,0.435,0.15,0.8295,0.3875,0.156,0.245,10
M,0.58,0.46,0.16,1.063,0.513,0.2705,0.2625,9
M,0.59,0.465,0.165,1.115,0.5165,0.273,0.275,10
F,0.6,0.45,0.14,0.837,0.37,0.177,0.2425,10
M,0.605,0.445,0.14,0.982,0.4295,0.2085,0.295,12
M,0.61,0.49,0.16,1.112,0.465,0.228,0.341,10
F,0.625,0.515,0.18,1.3485,0.5255,0.252,0.3925,14
M,0.66,0.515,0.195,1.5655,0.7345,0.353,0.386,9
I,0.255,0.19,0.06,0.086,0.04,0.0185,0.025,5
I,0.27,0.195,0.065,0.1065,0.0475,0.0225,0.0285,5
I,0.28,0.215,0.08,0.132,0.072,0.022,0.033,5
I,0.285,0.215,0.07,0.1075,0.051,0.0225,0.027,6
I,0.32,0.255,0.085,0.1745,0.072,0.033,0.057,8
I,0.325,0.24,0.07,0.152,0.0565,0.0305,0.054,8
I,0.385,0.28,0.1,0.2755,0.1305,0.061,0.0725,8
I,0.395,0.295,0.1,0.293,0.14,0.062,0.082,7
F,0.4,0.305,0.16,0.368,0.173,0.0705,0.105,7
I,0.405,0.31,0.09,0.312,0.138,0.06,0.087,8
I,0.415,0.305,0.12,0.336,0.165,0.076,0.0805,7
I,0.42,0.315,0.115,0.355,0.1895,0.065,0.087,6
I,0.44,0.305,0.115,0.379,0.162,0.091,0.11,9
I,0.445,0.32,0.12,0.378,0.152,0.0825,0.12,8
M,0.45,0.35,0.13,0.4655,0.2075,0.1045,0.135,8
F,0.455,0.355,1.13,0.594,0.332,0.116,0.1335,8
M,0.46,0.345,0.12,0.4935,0.2435,0.1175,0.132,8
M,0.46,0.345,0.11,0.4595,0.235,0.0885,0.116,7
M,0.465,0.36,0.11,0.4955,0.2665,0.085,0.121,7
I,0.465,0.355,0.09,0.4325,0.2005,0.074,0.1275,9
F,0.475,0.38,0.14,0.689,0.3165,0.1315,0.1955,7
I,0.48,0.35,0.135,0.5465,0.2735,0.0995,0.158,8
M,0.485,0.39,0.135,0.617,0.25,0.1345,0.1635,8
I,0.49,0.37,0.11,0.538,0.271,0.1035,0.139,8
M,0.5,0.39,0.135,0.7815,0.361,0.1575,0.2385,9
F,0.5,0.38,0.14,0.6355,0.277,0.143,0.1785,8
M,0.505,0.385,0.13,0.6435,0.3135,0.149,0.1515,7
M,0.525,0.385,0.1,0.5115,0.246,0.1005,0.1455,8
M,0.535,0.42,0.125,0.738,0.355,0.1895,0.1795,8
F,0.535,0.42,0.13,0.699,0.3125,0.1565,0.2035,8
F,0.54,0.385,0.14,0.7655,0.3265,0.116,0.2365,10
F,0.54,0.42,0.13,0.7505,0.368,0.1675,0.1845,9
F,0.545,0.43,0.16,0.844,0.3945,0.1855,0.231,9
M,0.55,0.41,0.13,0.8705,0.4455,0.2115,0.213,9
I,0.55,0.42,0.115,0.668,0.2925,0.137,0.209,11
F,0.565,0.44,0.135,0.83,0.393,0.1735,0.238,9
M,0.58,0.45,0.12,0.8685,0.418,0.1475,0.2605,8
F,0.58,0.435,0.15,0.839,0.3485,0.207,0.192,7
F,0.585,0.485,0.15,1.079,0.4145,0.2115,0.356,11
M,0.595,0.465,0.15,0.919,0.4335,0.1765,0.262,9
F,0.6,0.47,0.19,1.1345,0.492,0.2595,0.3375,10
F,0.61,0.43,0.14,0.909,0.438,0.2,0.22,8
M,0.61,0.48,0.165,1.2435,0.5575,0.2675,0.372,8
F,0.62,0.49,0.16,1.056,0.493,0.244,0.2725,9
M,0.645,0.495,0.15,1.2095,0.603,0.2225,0.339,9
M,0.65,0.5,0.14,1.238,0.6165,0.2355,0.32,8
F,0.665,0.525,0.21,1.644,0.818,0.3395,0.4275,10
M,0.685,0.55,0.2,1.7725,0.813,0.387,0.49,11
F,0.69,0.54,0.195,1.2525,0.73,0.3975,0.462,12
F,0.705,0.57,0.185,1.761,0.747,0.3725,0.488,10
F,0.71,0.5,0.15,1.3165,0.6835,0.2815,0.28,10
M,0.72,0.585,0.22,1.914,0.9155,0.448,0.479,11
F,0.72,0.575,0.215,2.1,0.8565,0.4825,0.602,12
F,0.73,0.555,0.18,1.6895,0.6555,0.1965,0.4935,10
M,0.775,0.57,0.22,2.032,0.735,0.4755,0.6585,17
F,0.505,0.39,0.115,0.66,0.3045,0.1555,0.175,8
M,0.53,0.425,0.13,0.7455,0.2995,0.1355,0.245,10
F,0.505,0.385,0.115,0.616,0.243,0.1075,0.21,11
I,0.405,0.305,0.09,0.2825,0.114,0.0575,0.095,7
M,0.415,0.3,0.1,0.3355,0.1545,0.0685,0.095,7
M,0.5,0.39,0.145,0.651,0.273,0.132,0.22,11
M,0.425,0.33,0.08,0.361,0.134,0.0825,0.125,7
M,0.47,0.35,0.1,0.4775,0.1885,0.0885,0.175,8
F,0.4,0.31,0.115,0.3465,0.1475,0.0695,0.115,10
I,0.37,0.29,0.1,0.25,0.1025,0.0505,0.085,10
M,0.5,0.38,0.155,0.66,0.2655,0.1365,0.215,19
I,0.41,0.31,0.11,0.315,0.124,0.082,0.095,9
M,0.375,0.29,0.1,0.276,0.1175,0.0565,0.085,9
F,0.49,0.385,0.125,0.5395,0.2175,0.128,0.165,11
M,0.585,0.48,0.185,1.04,0.434,0.265,0.285,10
M,0.595,0.455,0.155,1.041,0.416,0.2105,0.365,14
F,0.675,0.55,0.18,1.6885,0.562,0.3705,0.6,15
M,0.665,0.535,0.225,2.1835,0.7535,0.391,0.885,27
M,0.62,0.49,0.17,1.2105,0.5185,0.2555,0.335,13
I,0.325,0.25,0.055,0.166,0.076,0.051,0.045,5
I,0.455,0.355,0.08,0.452,0.2165,0.0995,0.125,9
M,0.525,0.405,0.13,0.7185,0.3265,0.1975,0.175,8
I,0.385,0.29,0.09,0.232,0.0855,0.0495,0.08,7
I,0.13,0.095,0.035,0.0105,0.005,0.0065,0.0035,4
I,0.18,0.13,0.045,0.0275,0.0125,0.01,0.009,3
I,0.31,0.225,0.05,0.1445,0.0675,0.0385,0.045,6
F,0.375,0.29,0.08,0.282,0.1405,0.0725,0.08,7
F,0.48,0.38,0.12,0.608,0.2705,0.1405,0.185,8
I,0.455,0.37,0.125,0.433,0.201,0.1265,0.145,9
M,0.425,0.325,0.1,0.3295,0.1365,0.0725,0.11,7
I,0.475,0.36,0.11,0.4555,0.177,0.0965,0.145,9
F,0.435,0.35,0.12,0.4585,0.192,0.1,0.13,11
F,0.29,0.21,0.075,0.275,0.113,0.0675,0.035,6
M,0.385,0.295,0.095,0.335,0.147,0.094,0.09,7
M,0.47,0.375,0.115,0.4265,0.1685,0.0755,0.15,8
F,0.5,0.4,0.125,0.5765,0.2395,0.126,0.185,10
I,0.4,0.31,0.1,0.127,0.106,0.071,0.085,7
M,0.62,0.51,0.175,1.1505,0.4375,0.2265,0.4,12
M,0.595,0.47,0.15,0.8915,0.359,0.2105,0.245,12
M,0.585,0.455,0.14,0.97,0.462,0.185,0.295,9
M,0.32,0.24,0.08,0.18,0.08,0.0385,0.055,6
F,0.52,0.41,0.125,0.6985,0.2945,0.1625,0.215,10
M,0.44,0.35,0.11,0.4585,0.2,0.0885,0.13,9
F,0.44,0.33,0.115,0.4005,0.143,0.113,0.12,8
M,0.565,0.425,0.1,0.7145,0.3055,0.166,0.18,12
F,0.56,0.425,0.125,0.932,0.361,0.213,0.335,9
F,0.59,0.455,0.175,0.966,0.391,0.2455,0.31,10
F,0.57,0.465,0.18,0.9995,0.405,0.277,0.295,16
M,0.68,0.53,0.205,1.496,0.5825,0.337,0.465,14
F,0.45,0.36,0.125,0.5065,0.222,0.105,0.16,10
I,0.32,0.24,0.075,0.1735,0.076,0.0355,0.05,7
I,0.46,0.35,0.11,0.3945,0.1685,0.0865,0.125,9
M,0.47,0.37,0.105,0.4665,0.2025,0.1015,0.155,10
M,0.455,0.35,0.105,0.401,0.1575,0.083,0.135,9
F,0.415,0.325,0.115,0.3455,0.1405,0.0765,0.11,9
M,0.465,0.35,0.12,0.5205,0.2015,0.1625,0.185,11
M,0.46,0.375,0.135,0.4935,0.186,0.0845,0.17,12
M,0.415,0.31,0.09,0.3245,0.1305,0.0735,0.115,8
M,0.27,0.195,0.07,0.106,0.0465,0.018,0.036,7
M,0.445,0.355,0.11,0.4415,0.1805,0.1035,0.1505,10
F,0.745,0.585,0.19,1.966,0.8435,0.437,0.5855,18
F,0.4,0.3,0.115,0.3025,0.1335,0.0465,0.0935,8
I,0.28,0.2,0.075,0.1225,0.0545,0.0115,0.035,5
M,0.55,0.44,0.135,0.879,0.368,0.2095,0.265,10
M,0.58,0.46,0.165,1.2275,0.473,0.1965,0.435,16
M,0.61,0.5,0.165,1.2715,0.4915,0.185,0.49,12
M,0.62,0.495,0.175,1.806,0.643,0.3285,0.725,17
M,0.56,0.42,0.195,0.8085,0.3025,0.1795,0.285,14
F,0.64,0.51,0.2,1.3905,0.61,0.3315,0.41,12
M,0.69,0.55,0.2,1.8465,0.732,0.472,0.57,19
F,0.715,0.565,0.24,2.1995,0.7245,0.465,0.885,17
F,0.71,0.565,0.195,1.817,0.785,0.492,0.49,11
F,0.55,0.47,0.15,0.897,0.377,0.184,0.29,9
M,0.375,0.305,0.09,0.3245,0.1395,0.0565,0.095,5
F,0.61,0.45,0.16,1.136,0.414,0.311,0.3,9
I,0.38,0.28,0.085,0.2735,0.115,0.061,0.085,6
F,0.37,0.275,0.085,0.2405,0.104,0.0535,0.07,5
M,0.335,0.235,0.085,0.1545,0.066,0.0345,0.045,6
I,0.165,0.115,0.015,0.0145,0.0055,0.003,0.005,4
M,0.285,0.21,0.075,0.1185,0.055,0.0285,0.04,7
I,0.19,0.13,0.03,0.0295,0.0155,0.015,0.01,6
I,0.215,0.15,0.03,0.0385,0.0115,0.005,0.01,5
M,0.595,0.465,0.125,0.799,0.3245,0.2,0.23,10
F,0.645,0.5,0.17,1.1845,0.4805,0.274,0.355,13
M,0.575,0.45,0.185,0.925,0.342,0.197,0.35,12
F,0.57,0.45,0.17,1.098,0.414,0.187,0.405,20
F,0.58,0.45,0.235,1.071,0.3,0.206,0.395,14
F,0.595,0.48,0.2,0.975,0.358,0.2035,0.34,15
F,0.595,0.47,0.25,1.283,0.462,0.2475,0.445,14
F,0.625,0.42,0.165,1.0595,0.358,0.165,0.445,21
M,0.535,0.42,0.165,0.9195,0.3355,0.1985,0.26,16
M,0.55,0.43,0.16,0.9295,0.317,0.1735,0.355,13
M,0.495,0.4,0.155,0.8085,0.2345,0.1155,0.35,6
I,0.32,0.235,0.08,0.1485,0.064,0.031,0.045,6
M,0.445,0.34,0.12,0.4475,0.193,0.1035,0.13,9
F,0.52,0.4,0.125,0.6865,0.295,0.1715,0.185,9
M,0.495,0.385,0.135,0.6335,0.2,0.1225,0.26,14
M,0.47,0.37,0.135,0.547,0.222,0.1325,0.17,12
F,0.49,0.37,0.14,0.585,0.243,0.115,0.195,10
M,0.58,0.47,0.165,0.927,0.3215,0.1985,0.315,11
M,0.645,0.495,0.185,1.4935,0.5265,0.2785,0.455,15
F,0.575,0.485,0.165,1.0405,0.419,0.264,0.3,14
I,0.215,0.17,0.055,0.0605,0.0205,0.014,0.02,6
I,0.43,0.325,0.11,0.3675,0.1355,0.0935,0.12,13
I,0.26,0.215,0.08,0.099,0.037,0.0255,0.045,5
I,0.37,0.28,0.09,0.233,0.0905,0.0545,0.07,11
I,0.405,0.305,0.105,0.3625,0.1565,0.0705,0.125,10
I,0.27,0.19,0.08,0.081,0.0265,0.0195,0.03,6
F,0.68,0.55,0.2,1.596,0.525,0.4075,0.585,21
F,0.65,0.515,0.195,1.4005,0.5195,0.36,0.44,13
F,0.645,0.49,0.215,1.406,0.4265,0.2285,0.51,25
M,0.57,0.405,0.16,0.9245,0.3445,0.2185,0.295,19
M,0.615,0.48,0.19,1.36,0.5305,0.2375,0.47,18
M,0.42,0.345,0.105,0.43,0.175,0.096,0.13,7
I,0.275,0.22,0.08,0.1365,0.0565,0.0285,0.042,6
F,0.29,0.225,0.075,0.14,0.0515,0.0235,0.04,5
M,0.42,0.34,0.115,0.4215,0.175,0.093,0.135,8
F,0.625,0.525,0.215,1.5765,0.5115,0.2595,0.665,16
F,0.55,0.465,0.18,1.2125,0.3245,0.205,0.525,27
M,0.66,0.505,0.2,1.6305,0.4865,0.297,0.61,18
M,0.565,0.47,0.195,1.142,0.387,0.258,0.35,17
F,0.595,0.495,0.235,1.366,0.5065,0.219,0.52,13
M,0.63,0.51,0.23,1.539,0.5635,0.2815,0.57,17
F,0.43,0.325,0.12,0.445,0.165,0.0995,0.155,8
F,0.455,0.35,0.14,0.5725,0.1965,0.1325,0.175,10
I,0.33,0.26,0.08,0.19,0.0765,0.0385,0.065,7
F,0.515,0.415,0.13,0.764,0.276,0.196,0.25,13
M,0.495,0.39,0.15,0.853,0.3285,0.189,0.27,14
F,0.485,0.375,0.145,0.5885,0.2385,0.1155,0.19,13
F,0.535,0.46,0.145,0.7875,0.3395,0.2005,0.2,8
M,0.58,0.465,0.175,1.035,0.401,0.1865,0.385,17
F,0.625,0.525,0.195,1.352,0.4505,0.2445,0.53,13
F,0.555,0.455,0.18,0.958,0.296,0.195,0.39,14
F,0.55,0.425,0.145,0.797,0.297,0.15,0.265,9
M,0.59,0.475,0.155,0.857,0.356,0.174,0.28,13
I,0.355,0.28,0.11,0.2235,0.0815,0.0525,0.08,7
I,0.275,0.2,0.075,0.086,0.0305,0.019,0.03,7
F,0.505,0.39,0.175,0.692,0.267,0.15,0.215,12
M,0.37,0.28,0.095,0.2225,0.0805,0.051,0.075,7
M,0.555,0.43,0.165,0.7575,0.2735,0.1635,0.275,13
F,0.505,0.4,0.165,0.729,0.2675,0.155,0.25,9
F,0.56,0.445,0.18,0.903,0.3575,0.2045,0.295,9
M,0.595,0.475,0.17,1.0965,0.419,0.229,0.35,17
F,0.57,0.45,0.165,0.903,0.3305,0.1845,0.295,14
M,0.6,0.48,0.175,1.229,0.4125,0.2735,0.415,13
F,0.56,0.435,0.185,1.106,0.422,0.2435,0.33,15
M,0.585,0.465,0.19,1.171,0.3905,0.2355,0.4,17
I,0.46,0.335,0.11,0.444,0.225,0.0745,0.11,8
F,0.46,0.36,0.115,0.4755,0.2105,0.105,0.16,8
M,0.415,0.315,0.125,0.388,0.068,0.09,0.125,12
F,0.435,0.32,0.12,0.3785,0.152,0.0915,0.125,11
F,0.475,0.38,0.135,0.486,0.1735,0.07,0.185,7
M,0.465,0.36,0.13,0.5265,0.2105,0.1185,0.165,10
I,0.355,0.28,0.1,0.2275,0.0935,0.0455,0.085,11
M,0.46,0.375,0.14,0.5105,0.192,0.1045,0.205,9
F,0.38,0.325,0.11,0.3105,0.12,0.074,0.105,10
F,0.47,0.365,0.12,0.543,0.2295,0.1495,0.15,9
M,0.36,0.27,0.09,0.2225,0.083,0.053,0.075,6
F,0.585,0.455,0.165,0.998,0.345,0.2495,0.315,12
M,0.655,0.59,0.2,1.5455,0.654,0.3765,0.415,11
M,0.6,0.485,0.175,1.2675,0.4995,0.2815,0.38,13
F,0.57,0.46,0.17,1.1,0.4125,0.2205,0.38,14
F,0.645,0.5,0.2,1.4285,0.639,0.305,0.36,11
M,0.65,0.495,0.18,1.793,0.8005,0.339,0.53,14
M,0.51,0.395,0.145,0.6185,0.216,0.1385,0.24,12
M,0.52,0.38,0.135,0.5825,0.2505,0.1565,0.175,8
M,0.495,0.415,0.165,0.7485,0.264,0.134,0.285,13
M,0.43,0.335,0.115,0.406,0.166,0.0935,0.135,8
F,0.59,0.465,0.16,1.1005,0.506,0.2525,0.295,13
M,0.55,0.46,0.175,0.869,0.3155,0.1825,0.32,10
M,0.585,0.43,0.16,0.955,0.3625,0.176,0.27,11
F,0.58,0.455,0.16,0.9215,0.312,0.196,0.3,17
F,0.62,0.51,0.15,1.456,0.581,0.2875,0.32,13
I,0.59,0.45,0.16,0.893,0.2745,0.2185,0.345,14
F,0.72,0.575,0.215,2.226,0.8955,0.405,0.62,13
F,0.635,0.51,0.175,1.2125,0.5735,0.261,0.36,14
F,0.61,0.48,0.175,1.0675,0.391,0.216,0.42,15
F,0.545,0.445,0.175,0.8525,0.3465,0.189,0.295,13
M,0.57,0.45,0.16,0.8615,0.3725,0.2175,0.255,12
F,0.6,0.475,0.18,1.162,0.511,0.2675,0.32,18
F,0.52,0.41,0.17,0.8705,0.3735,0.219,0.25,14
M,0.635,0.51,0.21,1.598,0.6535,0.2835,0.58,15
F,0.67,0.52,0.15,1.406,0.519,0.348,0.37,13
M,0.695,0.57,0.2,2.033,0.751,0.4255,0.685,15
M,0.655,0.525,0.185,1.259,0.487,0.2215,0.445,20
F,0.62,0.48,0.23,1.0935,0.403,0.245,0.355,14
F,0.6,0.475,0.18,1.1805,0.4345,0.2475,0.425,19
M,0.51,0.405,0.13,0.7175,0.3725,0.158,0.17,9
M,0.525,0.405,0.135,0.7575,0.3305,0.216,0.195,10
M,0.44,0.375,0.13,0.487,0.226,0.0965,0.155,9
I,0.485,0.415,0.14,0.5705,0.25,0.134,0.185,8
F,0.495,0.385,0.13,0.6905,0.3125,0.179,0.175,10
I,0.435,0.345,0.12,0.4475,0.221,0.112,0.125,7
I,0.405,0.315,0.105,0.347,0.1605,0.0785,0.1,9
I,0.42,0.33,0.1,0.352,0.1635,0.089,0.1,9
F,0.5,0.395,0.15,0.7145,0.3235,0.173,0.195,9
F,0.385,0.305,0.105,0.3315,0.1365,0.0745,0.1,7
I,0.33,0.265,0.09,0.18,0.068,0.036,0.06,6
F,0.58,0.475,0.155,0.974,0.4305,0.23,0.285,10
I,0.325,0.27,0.1,0.185,0.08,0.0435,0.065,6
M,0.475,0.375,0.12,0.563,0.2525,0.1205,0.185,10
F,0.38,0.3,0.09,0.3215,0.1545,0.075,0.095,9
I,0.34,0.26,0.09,0.179,0.076,0.0525,0.055,6
M,0.525,0.425,0.12,0.702,0.3335,0.1465,0.22,12
F,0.52,0.415,0.145,0.8045,0.3325,0.1725,0.285,10
F,0.535,0.45,0.135,0.8075,0.322,0.181,0.25,13
M,0.475,0.36,0.12,0.578,0.2825,0.12,0.17,8
I,0.415,0.325,0.1,0.385,0.167,0.08,0.125,7
I,0.495,0.385,0.125,0.585,0.2755,0.1235,0.165,8
F,0.48,0.405,0.13,0.6375,0.277,0.1445,0.21,10
F,0.52,0.425,0.15,0.813,0.385,0.2015,0.23,10
M,0.46,0.375,0.13,0.5735,0.2505,0.119,0.195,9
F,0.58,0.455,0.12,0.94,0.399,0.257,0.265,11
M,0.59,0.49,0.135,1.008,0.422,0.2245,0.285,11
F,0.55,0.415,0.135,0.775,0.302,0.179,0.26,23
F,0.65,0.5,0.165,1.1445,0.485,0.218,0.365,12
F,0.465,0.375,0.135,0.6,0.2225,0.129,0.23,16
M,0.455,0.355,0.13,0.515,0.2,0.1275,0.175,11
M,0.47,0.375,0.13,0.5795,0.2145,0.164,0.195,13
F,0.435,0.35,0.11,0.384,0.143,0.1005,0.125,13
M,0.35,0.265,0.11,0.2965,0.1365,0.063,0.085,7
I,0.315,0.24,0.07,0.137,0.0545,0.0315,0.04,8
M,0.595,0.47,0.145,0.991,0.4035,0.1505,0.34,16
F,0.58,0.475,0.135,0.925,0.391,0.165,0.275,14
M,0.575,0.435,0.15,0.805,0.293,0.1625,0.27,17
M,0.535,0.435,0.155,0.8915,0.3415,0.177,0.25,13
M,0.515,0.42,0.14,0.769,0.2505,0.154,0.29,13
F,0.505,0.385,0.135,0.6185,0.251,0.1175,0.2,12
F,0.505,0.395,0.145,0.6515,0.2695,0.153,0.205,15
I,0.4,0.31,0.1,0.2875,0.1145,0.0635,0.095,10
M,0.49,0.395,0.135,0.5545,0.213,0.0925,0.215,14
M,0.53,0.435,0.135,0.7365,0.3275,0.1315,0.22,12
I,0.395,0.325,0.105,0.306,0.111,0.0735,0.095,8
F,0.665,0.535,0.19,1.496,0.5775,0.2815,0.475,17
F,0.415,0.305,0.105,0.3605,0.12,0.082,0.1,10
M,0.43,0.345,0.115,0.3045,0.0925,0.055,0.12,11
M,0.475,0.395,0.135,0.592,0.2465,0.1645,0.2,13
F,0.525,0.425,0.145,0.7995,0.3345,0.209,0.24,15
I,0.48,0.39,0.145,0.5825,0.2315,0.121,0.255,15
I,0.42,0.345,0.115,0.3435,0.1515,0.0795,0.115,9
M,0.59,0.46,0.155,0.906,0.327,0.1485,0.335,15
F,0.515,0.42,0.135,0.6295,0.2815,0.127,0.215,9
M,0.695,0.55,0.22,1.5515,0.566,0.3835,0.445,13
F,0.8,0.63,0.195,2.526,0.933,0.59,0.62,23
M,0.61,0.49,0.15,1.103,0.425,0.2025,0.36,23
F,0.565,0.48,0.175,0.957,0.3885,0.215,0.275,18
M,0.56,0.455,0.165,0.86,0.4015,0.1695,0.245,11
M,0.655,0.485,0.195,1.62,0.6275,0.358,0.485,17
M,0.64,0.52,0.2,1.407,0.566,0.304,0.455,17
F,0.59,0.47,0.17,0.9,0.355,0.1905,0.25,11
I,0.31,0.24,0.09,0.1455,0.0605,0.0315,0.045,7
I,0.255,0.185,0.07,0.075,0.028,0.018,0.025,6
I,0.17,0.125,0.055,0.0235,0.009,0.0055,0.008,6
M,0.67,0.55,0.17,1.247,0.472,0.2455,0.4,21
F,0.71,0.565,0.195,1.7265,0.638,0.3365,0.565,17
F,0.56,0.43,0.125,0.8025,0.313,0.1715,0.263,13
M,0.505,0.4,0.13,0.764,0.3035,0.189,0.2175,11
M,0.525,0.43,0.165,0.8645,0.376,0.1945,0.2515,16
F,0.45,0.36,0.105,0.4715,0.2035,0.0935,0.149,9
F,0.515,0.435,0.17,0.631,0.2765,0.111,0.216,12
M,0.59,0.475,0.16,0.9455,0.3815,0.184,0.27,19
M,0.7,0.53,0.19,1.3185,0.548,0.233,0.42,18
F,0.72,0.56,0.175,1.7265,0.637,0.3415,0.525,17
M,0.635,0.495,0.15,1.081,0.4825,0.242,0.31,11
M,0.555,0.44,0.135,0.9025,0.3805,0.2105,0.28,13
M,0.575,0.47,0.15,1.1415,0.4515,0.204,0.4,13
M,0.585,0.455,0.125,1.027,0.391,0.212,0.25,17
F,0.61,0.485,0.21,1.3445,0.535,0.2205,0.515,20
F,0.645,0.525,0.2,1.449,0.601,0.2565,0.505,13
F,0.545,0.44,0.175,0.7745,0.2985,0.1875,0.265,11
M,0.55,0.45,0.155,0.7895,0.343,0.159,0.25,12
F,0.66,0.525,0.205,1.3665,0.5005,0.291,0.41,18
M,0.57,0.475,0.195,1.0295,0.4635,0.1905,0.305,18
F,0.6,0.47,0.2,1.031,0.392,0.2035,0.29,15
F,0.63,0.505,0.165,1.065,0.4595,0.216,0.315,12
M,0.695,0.57,0.23,1.885,0.8665,0.435,0.5,19
M,0.65,0.545,0.16,1.2425,0.487,0.296,0.48,15
F,0.72,0.595,0.225,1.969,0.8045,0.423,0.66,16
I,0.56,0.44,0.17,0.9445,0.3545,0.2175,0.3,12
I,0.42,0.325,0.115,0.354,0.1625,0.064,0.105,8
M,0.18,0.125,0.05,0.023,0.0085,0.0055,0.01,3
F,0.405,0.325,0.11,0.3575,0.145,0.0725,0.11,12
F,0.5,0.405,0.15,0.5965,0.253,0.126,0.185,12
I,0.435,0.335,0.11,0.383,0.1555,0.0675,0.135,12
M,0.34,0.275,0.09,0.2065,0.0725,0.043,0.07,10
F,0.43,0.34,0.11,0.382,0.154,0.0955,0.109,8
I,0.535,0.41,0.155,0.6315,0.2745,0.1415,0.1815,12
I,0.415,0.325,0.115,0.3285,0.1405,0.051,0.106,12
F,0.36,0.265,0.09,0.2165,0.096,0.037,0.0735,10
M,0.175,0.135,0.04,0.0305,0.011,0.0075,0.01,5
M,0.155,0.115,0.025,0.024,0.009,0.005,0.0075,5
I,0.525,0.43,0.15,0.7365,0.3225,0.161,0.215,11
F,0.525,0.39,0.135,0.6005,0.2265,0.131,0.21,16
F,0.44,0.345,0.105,0.4285,0.165,0.083,0.132,11
F,0.45,0.345,0.115,0.496,0.1905,0.117,0.14,12
F,0.485,0.365,0.14,0.6195,0.2595,0.1445,0.177,14
I,0.47,0.35,0.135,0.567,0.2315,0.1465,0.1525,11
I,0.515,0.375,0.14,0.6505,0.2495,0.141,0.2215,10
M,0.42,0.34,0.125,0.4495,0.165,0.1125,0.144,11
F,0.455,0.35,0.125,0.4485,0.1585,0.102,0.1335,16
M,0.37,0.29,0.09,0.241,0.11,0.045,0.069,10
